{
  "train": {
    "n_rows": 1240886,
    "n_positive_rows": 22337,
    "positive_rate": 0.01800084778134333,
    "threshold": 4.440892098500626e-16,
    "auroc": 0.8816477159546495,
    "auprc": 0.19588390953174079,
    "utility": 0.49881912662370165,
    "precision": 0.07470677449774676,
    "recall": 0.7696199131485876,
    "f1": 0.13619330560507031,
    "lift_at_10pct": 6.075997784284151,
    "confusion_matrix": {
      "tn": 1005627,
      "fp": 212922,
      "fn": 5146,
      "tp": 17191
    }
  },
  "val": {
    "n_rows": 155291,
    "n_positive_rows": 2797,
    "positive_rate": 0.01801134643990959,
    "threshold": 4.440892098500626e-16,
    "auroc": 0.8442901794728354,
    "auprc": 0.13458018983160178,
    "utility": 0.435442074954938,
    "precision": 0.06834222757789636,
    "recall": 0.7096889524490525,
    "f1": 0.12467809810941524,
    "lift_at_10pct": 5.409053693578876,
    "confusion_matrix": {
      "tn": 125434,
      "fp": 27060,
      "fn": 812,
      "tp": 1985
    }
  },
  "test": {
    "n_rows": 156033,
    "n_positive_rows": 2782,
    "positive_rate": 0.01782956169528241,
    "threshold": 4.440892098500626e-16,
    "auroc": 0.845772189809737,
    "auprc": 0.12240914452915759,
    "utility": 0.43815315581271763,
    "precision": 0.06909552165180931,
    "recall": 0.7048885693745507,
    "f1": 0.12585437858999454,
    "lift_at_10pct": 5.560498206786183,
    "confusion_matrix": {
      "tn": 126831,
      "fp": 26420,
      "fn": 821,
      "tp": 1961
    }
  },
  "test_hospital_A": {
    "n_rows": 80214,
    "n_positive_rows": 1713,
    "positive_rate": 0.021355374373550753,
    "threshold": 4.440892098500626e-16,
    "auroc": 0.8308410935425001,
    "auprc": 0.11794233837345011,
    "utility": 0.4567155692027749,
    "precision": 0.06985396190793493,
    "recall": 0.7343841214244017,
    "f1": 0.1275732684311936,
    "lift_at_10pct": 5.364455715259394,
    "confusion_matrix": {
      "tn": 61750,
      "fp": 16751,
      "fn": 455,
      "tp": 1258
    }
  },
  "test_hospital_B": {
    "n_rows": 75819,
    "n_positive_rows": 1069,
    "positive_rate": 0.014099368232237302,
    "threshold": 4.440892098500626e-16,
    "auroc": 0.8608495984432047,
    "auprc": 0.142711751747216,
    "utility": 0.40747956275252917,
    "precision": 0.0677786347859622,
    "recall": 0.6576239476145931,
    "f1": 0.12289135565072982,
    "lift_at_10pct": 5.622002556890315,
    "confusion_matrix": {
      "tn": 65081,
      "fp": 9669,
      "fn": 366,
      "tp": 703
    }
  }
}