{
  "train": {
    "n_rows": 1240689,
    "n_positive_rows": 22316,
    "positive_rate": 0.017986779926315137,
    "threshold": 0.010000000000000453,
    "auroc": 0.8894722305085685,
    "auprc": 0.20954599428844878,
    "utility": 0.5206596259904175,
    "precision": 0.08708490990395047,
    "recall": 0.7374081376590786,
    "f1": 0.1557735906210213,
    "lift_at_10pct": 6.304440159680152,
    "confusion_matrix": {
      "tn": 1045864,
      "fp": 172509,
      "fn": 5860,
      "tp": 16456
    }
  },
  "val": {
    "n_rows": 155202,
    "n_positive_rows": 2787,
    "positive_rate": 0.017957242819035837,
    "threshold": 0.010000000000000453,
    "auroc": 0.8444108835901301,
    "auprc": 0.13879301109594877,
    "utility": 0.4325223500111602,
    "precision": 0.07653701380175659,
    "recall": 0.6566200215285253,
    "f1": 0.13709405551185527,
    "lift_at_10pct": 5.417732938511932,
    "confusion_matrix": {
      "tn": 130335,
      "fp": 22080,
      "fn": 957,
      "tp": 1830
    }
  },
  "test": {
    "n_rows": 156319,
    "n_positive_rows": 2813,
    "positive_rate": 0.017995253296144424,
    "threshold": 0.010000000000000453,
    "auroc": 0.846467664250236,
    "auprc": 0.12515061187660115,
    "utility": 0.4554375853177612,
    "precision": 0.08000509857239972,
    "recall": 0.6693921080696765,
    "f1": 0.14292762533682493,
    "lift_at_10pct": 5.673621721201571,
    "confusion_matrix": {
      "tn": 131853,
      "fp": 21653,
      "fn": 930,
      "tp": 1883
    }
  },
  "test_hospital_A": {
    "n_rows": 80580,
    "n_positive_rows": 1744,
    "positive_rate": 0.021643087614792753,
    "threshold": 0.010000000000000453,
    "auroc": 0.8320549771829197,
    "auprc": 0.12300196718426733,
    "utility": 0.48404298836041804,
    "precision": 0.08218352310783657,
    "recall": 0.7035550458715596,
    "f1": 0.14717524289312703,
    "lift_at_10pct": 5.65940366972477,
    "confusion_matrix": {
      "tn": 65133,
      "fp": 13703,
      "fn": 517,
      "tp": 1227
    }
  },
  "test_hospital_B": {
    "n_rows": 75739,
    "n_positive_rows": 1069,
    "positive_rate": 0.014114260816752268,
    "threshold": 0.010000000000000453,
    "auroc": 0.8614847768597795,
    "auprc": 0.1388657337473555,
    "utility": 0.4072509161524728,
    "precision": 0.07622588891471067,
    "recall": 0.6136576239476146,
    "f1": 0.13560723514211886,
    "lift_at_10pct": 5.762318680197604,
    "confusion_matrix": {
      "tn": 66720,
      "fp": 7950,
      "fn": 413,
      "tp": 656
    }
  }
}