{
  "n_test_rows": 156319,
  "n_test_positive": 2813,
  "join_coverage": 1.0,
  "weight_user_tuned": 0.0,
  "weight_user_app": 0.5,
  "ensemble_threshold": 0.11726273359444568,
  "models": {
    "user": {
      "auroc": 0.846467664250236,
      "auprc": 0.12515061187660115,
      "precision": 0.08000509857239972,
      "recall": 0.6693921080696765,
      "f1": 0.14292762533682493,
      "alarm_rate": 0.1505639109769126,
      "precision_at_recall_0.67": 0.07991012760184832,
      "precision_at_recall_0.70": 0.07386022795440912,
      "utility": 0.4554375853177612
    },
    "tung": {
      "auroc": 0.8988528624346197,
      "auprc": 0.23408193685817522,
      "precision": 0.08228107423548255,
      "recall": 0.7852826164237469,
      "f1": 0.14895482130815912,
      "alarm_rate": 0.17174495742680032,
      "precision_at_recall_0.67": 0.1319395888686897,
      "precision_at_recall_0.70": 0.12051360440232345,
      "utility": 0.5399829656162128
    },
    "ensemble_tuned": {
      "auroc": 0.8988528624346197,
      "auprc": 0.23408193685817522,
      "precision": 0.2719439956919763,
      "recall": 0.3590472804834696,
      "f1": 0.3094836831622491,
      "alarm_rate": 0.02375910797791695,
      "precision_at_recall_0.67": 0.1319395888686897,
      "precision_at_recall_0.70": 0.12051360440232345,
      "utility": 0.33231282595760064
    },
    "ensemble_equal": {
      "auroc": 0.879186230738388,
      "auprc": 0.17559022677046401,
      "precision": 0.2458161865569273,
      "recall": 0.3185211517952364,
      "f1": 0.2774852895633323,
      "alarm_rate": 0.0233177029023983,
      "precision_at_recall_0.67": 0.10703138300890983,
      "precision_at_recall_0.70": 0.09683444750294927,
      "utility": 0.2920778448004292
    }
  },
  "tung_out_of_fold_honest": {
    "auroc": 0.84905,
    "auprc": 0.126006
  }
}