{
  "production_test": {
    "n_rows": 156319,
    "n_positive_rows": 2813,
    "positive_rate": 0.017995253296144424,
    "threshold": 0.010000000000000453,
    "auroc": 0.846467664250236,
    "auprc": 0.12515061187660115,
    "utility": 0.4554375853177612,
    "precision": 0.08000509857239972,
    "recall": 0.6693921080696765,
    "f1": 0.14292762533682493,
    "lift_at_10pct": 5.673621721201571,
    "confusion_matrix": {
      "tn": 131853,
      "fp": 21653,
      "fn": 930,
      "tp": 1883
    }
  },
  "standalone_optuna": {
    "best_params": {
      "num_leaves": 182,
      "max_depth": 7,
      "learning_rate": 0.014333474775060718,
      "n_estimators": 906,
      "min_child_samples": 275,
      "reg_alpha": 1.2468771392881983,
      "reg_lambda": 6.161116744912286,
      "subsample": 0.3596988281383099,
      "colsample_bytree": 0.5745545281413006,
      "min_split_gain": 0.5175950723013735
    },
    "best_val_auprc": 0.15559005851751123,
    "threshold": 4.440892098500626e-16,
    "test_metrics": {
      "n_rows": 156319,
      "n_positive_rows": 2813,
      "positive_rate": 0.017995253296144424,
      "threshold": 4.440892098500626e-16,
      "auroc": 0.8451502772808426,
      "auprc": 0.12835056968926986,
      "utility": 0.4402583159294822,
      "precision": 0.07367648762404912,
      "recall": 0.6782794169925347,
      "f1": 0.1329153605015674,
      "lift_at_10pct": 5.741164836930161,
      "confusion_matrix": {
        "tn": 129517,
        "fp": 23989,
        "fn": 905,
        "tp": 1908
      }
    }
  },
  "nested_cv": {
    "per_fold": [
      {
        "n_rows": 307055,
        "n_positive_rows": 5840,
        "positive_rate": 0.019019393919656086,
        "threshold": 4.440892098500626e-16,
        "auroc": 0.8333342664832997,
        "auprc": 0.12142849717766331,
        "utility": 0.41141888838680535,
        "precision": 0.07439225004569548,
        "recall": 0.6272260273972603,
        "f1": 0.13300895077978903,
        "lift_at_10pct": 5.227654600323528,
        "confusion_matrix": {
          "tn": 255639,
          "fp": 45576,
          "fn": 2177,
          "tp": 3663
        }
      },
      {
        "n_rows": 310817,
        "n_positive_rows": 5354,
        "positive_rate": 0.017225570029953317,
        "threshold": 4.440892098500626e-16,
        "auroc": 0.8589565499613512,
        "auprc": 0.1333837165853896,
        "utility": 0.4466232744264354,
        "precision": 0.07290196078431373,
        "recall": 0.6944340679865522,
        "f1": 0.13195159172374632,
        "lift_at_10pct": 5.634984834240262,
        "confusion_matrix": {
          "tn": 258181,
          "fp": 47282,
          "fn": 1636,
          "tp": 3718
        }
      },
      {
        "n_rows": 311977,
        "n_positive_rows": 5528,
        "positive_rate": 0.01771925494507608,
        "threshold": -0.009999999999999565,
        "auroc": 0.8247670116683542,
        "auprc": 0.11884765579342013,
        "utility": 0.3750453086317385,
        "precision": 0.05838757984169188,
        "recall": 0.6912083936324168,
        "f1": 0.1076793011131464,
        "lift_at_10pct": 4.9547280422814595,
        "confusion_matrix": {
          "tn": 244828,
          "fp": 61621,
          "fn": 1707,
          "tp": 3821
        }
      },
      {
        "n_rows": 311114,
        "n_positive_rows": 5716,
        "positive_rate": 0.018372686539339277,
        "threshold": 4.440892098500626e-16,
        "auroc": 0.8349108648141516,
        "auprc": 0.1325842150173025,
        "utility": 0.40562434585666335,
        "precision": 0.06910554031002003,
        "recall": 0.6520293911826452,
        "f1": 0.12496646995708155,
        "lift_at_10pct": 5.110118383551533,
        "confusion_matrix": {
          "tn": 255193,
          "fp": 50205,
          "fn": 1989,
          "tp": 3727
        }
      },
      {
        "n_rows": 311247,
        "n_positive_rows": 5478,
        "positive_rate": 0.017600169640189303,
        "threshold": 0.010000000000000453,
        "auroc": 0.8383282527978814,
        "auprc": 0.11354492913263149,
        "utility": 0.39635270420587426,
        "precision": 0.07716275227192258,
        "recall": 0.5967506389193136,
        "f1": 0.13665531007670922,
        "lift_at_10pct": 5.187974821520474,
        "confusion_matrix": {
          "tn": 266673,
          "fp": 39096,
          "fn": 2209,
          "tp": 3269
        }
      }
    ],
    "summary": {
      "auroc": {
        "mean": 0.8380593891450075,
        "std": 0.011363898155650492
      },
      "auprc": {
        "mean": 0.12395780274128139,
        "std": 0.007800022638493318
      },
      "precision": {
        "mean": 0.07039001665072875,
        "std": 0.006540734700282384
      },
      "recall": {
        "mean": 0.6523297038236376,
        "std": 0.037426320193821486
      },
      "f1": {
        "mean": 0.1268523247300945,
        "std": 0.010306952728476175
      },
      "lift_at_10pct": {
        "mean": 5.2230921363834515,
        "std": 0.2261380075353376
      },
      "utility": {
        "mean": 0.4070129043015034,
        "std": 0.023349043880781063
      }
    }
  }
}